Key;Anzahl
3640;5
2305;1
3638;17
11988;2
2304;1
2309;232
11983;1
2307;6
11985;1
3637;13
3636;9
21314;1
3651;17
3650;1
1;1
5;25
4;381
2313;1
2310;5
6;7
9;205
8;901
3641;8
11991;1
3643;2
11993;1
11995;1
2318;3
3648;3
11996;1
4990;5
4992;3
3661;1
2327;44
11965;1
2325;40
11967;1
11968;1
2323;9
11969;1
2321;3
3653;14
4984;2
3652;6
3655;5
11960;1
4988;2
11961;1
11962;1
11963;1
4989;12
3671;169
3670;34
3673;1
2341;1
1011;11
22620;1
11977;1
11978;2
1006;4
11979;1
1003;1
1004;2
1002;3
3663;2
11970;1
11971;1
4996;3
11973;1
4998;1
11974;1
3669;70
11975;2
3680;3
3681;1
3684;3
1021;11
2352;8
1022;2
2353;16
1020;12
6707;2
11943;2
1019;3
11944;1
11945;1
6709;1
11946;2
1014;10
11947;1
2346;41
3675;1
6700;1
3677;4
3676;2
6702;1
6703;1
3678;10
11940;6
11941;5
6706;2
2363;1
2361;1
1029;16
2356;6
1023;2
2354;4
1024;12
3688;1
6715;1
11951;1
11952;1
20874;1
1043;4
2375;81
11919;1
1041;2
2370;5
20875;2
11923;1
2367;3
2368;14
1034;19
11927;1
2366;1
6722;2
6723;1
6725;1
6728;1
19896;3
6741;4
2385;55
1055;3
2383;13
2384;1
2380;2
11932;3
5409;10
11935;2
2378;7
11936;1
1048;1
11937;1
2379;1
1045;44
2376;89
11938;1
2377;135
5402;1
5401;24
5404;7
5403;1
5406;5
5408;1
11931;1
21388;1
21389;1
21387;1
6751;1
21384;2
21385;3
2397;5
2394;2
2395;1
19065;2
2390;1
2389;7
1056;6
2387;3
2388;1
12433;1
12432;1
5414;3
12436;1
5416;1
5419;1
5418;3
21399;1
21397;1
21398;2
20064;2
20065;1
5432;2
21396;1
1077;29
1075;1
2399;1
5423;2
6756;1
5426;2
21391;3
6757;1
5425;3
21392;2
6758;1
6759;1
21390;2
5429;1
9800;2
6772;1
21364;2
19046;1
21362;1
5444;1
21363;1
1088;3
22696;2
22698;1
22697;1
22699;1
1079;1
21360;3
21361;2
6768;3
1090;1
1091;1
6780;1
5451;2
5450;5
5453;8
4122;4
9810;3
19056;2
6785;1
5454;6
1098;34
1094;67
12429;1
12427;1
1089;1
4115;1
9804;1
4114;10
9803;1
4117;25
5448;1
9801;1
4118;1
5449;1
5460;3
5464;2
5463;7
5466;9
21340;1
5465;27
6787;1
5457;1
9814;1
6788;1
5456;20
9813;1
5459;11
9812;1
5458;1
5471;1
5470;2
19039;1
9833;2
8501;1
9831;1
8500;2
21359;3
20029;1
202;28
204;5
207;1
5468;1
206;4
5467;7
208;2
9829;1
9840;1
5482;2
5481;5
5484;1
5483;6
8513;1
9843;1
5485;1
9842;1
5488;2
9841;1
5480;2
212;2
213;1
218;12
9837;1
8506;3
9836;1
8505;1
8509;1
8508;1
9839;3
8507;1
9838;3
8520;2
5492;10
5495;2
20002;1
5494;27
5497;1
8523;1
5496;1
20001;1
5490;1
221;2
220;58
223;1
222;726
224;7
8517;1
8516;1
8515;1
8518;1
4173;4
4174;1
9865;1
9864;1
8533;1
234;22
238;3
237;294
239;1
9857;1
243;39
242;55
245;12
244;68
249;10
8537;1
9867;1
1900;16
8553;1
9883;1
8552;1
8551;1
8550;1
9888;1
9887;2
4192;3
254;15
253;13
255;174
258;34
257;46
1917;1
1918;3
1915;1
9879;2
1916;1
9878;2
8547;1
1913;1
1911;1
1912;1
8564;1
12381;1
9894;2
8563;1
9893;1
8568;1
9898;2
9896;3
12382;1
9891;1
9890;1
264;274
267;91
269;57
268;156
1928;27
1929;16
1926;1
8559;1
1925;2
1923;1
8575;3
8573;3
12352;1
12350;1
8577;2
8571;1
271;110
274;62
276;46
1932;15
1939;3
12356;1
12355;3
12354;1
12353;1
12359;1
12358;1
12357;1
8586;1
8583;3
12361;1
281;5
8581;3
285;35
1942;1
287;1
286;2
1948;1
12364;2
8596;1
8591;2
1951;3
1952;3
1950;5
12334;1
1958;23
1964;1
1961;1
12342;2
21293;1
1968;4
1967;1
20851;1
1974;1
1972;1
1970;1
11909;4
1986;1
11910;11
1987;9
11911;1
1984;2
11912;3
1985;1
11913;3
11914;1
1983;1
11915;50
1980;1
1981;1
11917;1
9004;2
9003;1
9002;2
9001;1
9007;1
9006;1
9005;1
9000;1
1994;1
9019;1
3705;1
3707;8
9009;2
3701;8
3702;1
9026;2
9025;2
9024;2
9023;2
9022;1
9020;1
3716;5
3715;12
20808;1
20807;1
19822;1
3714;1
9035;2
9034;1
20827;2
20824;1
9033;2
20822;1
9032;1
9031;1
20820;1
20821;1
3727;2
20819;1
3722;5
3724;1
2404;5
3738;2
2405;3
2402;105
2403;49
3739;13
19804;2
19805;1
19806;3
2406;1
9050;3
9053;1
2415;1
2413;1
2414;1
2411;3
2412;8
3740;2
3743;11
3742;3
3745;12
3744;5
2417;38
2418;20
22757;1
19104;1
9069;1
22756;1
9068;1
22758;1
21420;1
3760;1
9060;1
22751;2
22755;1
2426;64
2427;1
2422;1
2421;1
3751;1
3754;2
2429;1
22768;9
22767;1
21432;2
22769;1
22760;1
1110;3
21438;3
22764;1
22763;1
22766;1
22765;4
2437;4
1107;3
2438;6
1105;49
2433;14
3766;18
1108;5
2439;6
1109;4
3768;1
22739;1
9084;1
21409;2
9083;1
9088;2
9087;1
21406;2
9086;1
9085;1
2447;4
1113;14
1111;1
2442;1
1112;22
3775;4
1119;19
21410;1
3794;9
22740;1
9093;1
9092;1
21419;1
9098;1
21417;1
1128;2
6818;1
2457;7
6819;1
9090;1
3784;2
6810;1
6811;2
3787;10
6812;2
6813;1
6814;2
6815;1
6816;1
6830;1
1142;1
1143;4
1140;18
2471;14
22710;1
1139;37
6829;1
1138;1
2466;5
1136;1
1133;1
6820;2
6821;1
22709;1
6822;4
6826;2
6827;1
22724;1
1153;4
2484;10
2485;1
2482;1
1152;5
5508;1
5500;2
5505;6
5504;2
6836;2
5507;1
5506;6
20994;2
20995;5
20992;1
20993;2
20990;18
6850;1
6851;5
1165;16
2493;2
1163;6
2494;1
1160;33
2491;28
20998;1
20999;1
20996;1
20997;1
1159;5
2488;1
1158;2
2487;1
6842;4
6847;1
6848;9
6849;1
22701;2
22703;1
6860;8
22706;1
22705;1
22708;1
22707;1
5531;1
1176;1
1171;40
1172;18
22700;1
1170;1
1169;6
1166;3
1167;5
6853;1
6854;12
5525;4
5527;3
6858;2
5529;12
6859;1
20178;1
6870;1
5541;1
20177;1
1186;1
19183;8
19186;1
19182;1
1179;1
1178;2
6864;1
6865;4
5536;9
12552;1
6866;1
12551;3
4204;2
6868;1
12558;2
4206;1
6869;1
12557;1
4209;1
5539;3
6880;2
19198;1
6883;3
5554;17
1195;11
1194;1
1188;1
9903;1
12565;1
5544;5
5546;1
12562;1
9907;1
12569;1
12567;1
9904;1
12566;1
21489;1
20154;1
20155;2
4234;3
4233;17
6896;1
19163;1
12537;1
4225;3
20150;1
4224;4
12531;1
6887;9
21482;3
6888;1
21480;1
4229;2
12536;1
12535;1
5559;4
12534;3
4243;1
300;6
12549;1
302;1
304;24
306;11
9925;1
6897;1
12542;1
6899;1
307;9
9922;2
309;4
9927;2
5581;2
4252;3
20134;1
4251;1
21466;1
5582;1
8612;1
20132;1
4253;1
8611;2
4256;1
5587;2
9941;1
8610;1
21461;2
4255;2
20131;1
311;1
313;4
314;2
9936;1
9934;1
4249;1
318;1
9933;2
12513;1
9939;3
12512;1
4261;12
5592;1
21478;1
5591;1
19159;2
21479;1
20148;1
5594;1
21476;3
20145;1
5593;1
21477;2
20146;1
4265;1
5596;1
19154;1
8622;1
20144;1
8621;1
4267;1
5597;1
4266;1
20142;1
5590;2
20149;1
12528;2
324;1
328;34
5589;1
8616;5
5588;1
8615;1
20140;1
12525;1
8619;1
8618;1
8617;1
9961;1
4271;39
22778;1
19126;1
19121;1
8634;3
8633;3
8632;4
4277;3
9962;1
8631;3
22771;1
22770;1
22773;1
22772;1
22775;1
22774;1
22777;2
22776;6
330;3
332;5
335;2
337;4
336;1
4268;6
8626;1
8624;1
8641;4
4282;20
9971;1
22789;1
9970;1
19138;1
20124;1
8643;1
4288;4
22781;1
22784;1
19130;1
22783;1
22786;1
20129;1
22785;1
4281;8
20127;1
22788;1
21459;1
4280;1
20128;1
22787;1
9969;1
8636;1
9983;1
4293;1
8651;1
9980;1
9984;1
4290;6
4291;5
357;9
8649;1
19904;1
8648;1
8646;1
10;11
19902;1
11;43
6000;1
6001;1
6003;1
362;4
368;2
367;62
23;492
12491;1
6010;1
25;46
6011;1
24;27
6012;1
27;32
12495;3
26;4
6015;1
28;7
8675;2
370;9
373;14
375;1
376;5
6006;1
6007;1
8669;1
6008;1
6009;1
30;95
31;61
34;11
36;20
35;84
38;81
6026;1
6027;1
380;78
384;5
385;2
387;30
389;24
6017;3
6018;1
6019;1
43;110
42;489
6031;1
44;305
6032;1
47;26
6033;2
46;4
6034;1
6035;3
48;568
12471;1
391;1
393;8
395;17
394;13
6030;1
396;11
399;1
398;5
6028;1
6029;3
12476;1
50;67
12474;3
54;19
12479;1
12478;1
56;351
6042;1
55;174
6045;1
6046;1
12484;3
6047;2
6049;2
63;79
62;184
65;20
64;33
67;146
6053;1
6054;1
69;17
6055;1
20079;1
68;18
6057;1
19088;2
12451;1
19084;1
19086;1
19087;2
6051;2
19090;1
70;3
12454;1
20074;1
71;46
74;38
73;8
12462;1
6069;1
20089;1
19096;1
19097;1
6060;1
6063;1
81;1
83;8
12464;4
82;13
85;1
20080;1
84;3
86;8
12467;1
88;219
19984;1
9100;1
6079;1
6071;2
96;328
97;15
99;17
6087;1
6088;2
6089;1
9117;1
6082;1
9110;1
20987;1
6084;1
3806;1
3808;1
9125;2
9129;1
9121;2
6094;3
6095;2
3817;4
9139;1
9132;2
9130;1
3828;8
3824;19
9147;1
9146;2
19940;1
19941;1
9145;1
9148;2
20937;2
9142;3
20930;1
20931;1
9140;1
2504;1
2501;18
3839;10
3838;1
20928;1
3830;2
3833;35
3832;1
3834;4
9158;8
9157;1
9150;1
9151;1
3843;3
2516;2
2517;2
3845;3
9169;2
9168;2
9167;2
19920;4
9161;2
9160;1
20913;1
9165;2
9164;1
9163;1
9162;1
2522;6
3850;1
3853;4
3852;1
2529;1
19921;1
9179;1
9172;7
2540;14
9171;8
9170;8
1203;4
2534;1
1204;22
1201;7
2533;6
1200;3
19939;1
2539;1
19220;1
3882;1
3881;1
2550;2
9183;1
1220;25
9182;1
9180;1
9185;1
6906;1
1214;2
6907;1
2546;6
6908;2
6909;1
1211;1
3873;6
6900;3
3876;3
1219;1
6904;4
19234;1
1230;1
9195;3
6916;1
2556;1
12604;1
6919;6
1223;2
1224;6
1221;2
1222;1
2553;53
3883;1
6910;1
3885;2
6911;1
3887;1
19202;1
21521;1
2572;3
21527;1
2569;16
1239;1
1237;4
2568;2
2565;46
2566;191
1233;4
6920;1
3897;1
6921;1
3896;2
3899;2
19206;1
6923;2
3898;1
6924;3
6925;3
19211;1
19212;2
6940;1
2584;7
2581;2
6938;1
6939;1
2579;2
1245;3
2576;12
2574;24
6931;1
6933;3
6934;1
6935;1
5606;1
21500;1
21501;1
1264;5
21509;1
1261;1
21506;2
1262;12
2590;1
21504;1
5619;1
5618;1
2589;1
2587;1
2588;1
1254;9
2585;1
2586;1
6941;2
6944;2
6945;1
6946;1
6947;1
21512;1
6960;1
1272;64
21517;1
1270;2
21515;1
5629;1
1269;1
1267;17
2598;1
1268;3
1265;9
1266;17
2597;1
6952;1
6953;1
6954;1
5623;8
6956;1
5625;5
6972;1
5642;1
5641;7
1285;1
1286;8
1284;13
1277;2
6963;1
6964;1
4306;1
5637;1
5636;8
5639;7
4308;4
6982;3
1295;14
1291;4
1289;5
1287;7
1288;11
4315;5
5645;2
4317;5
5647;1
5649;8
5660;4
6991;1
6992;2
6993;1
6994;1
1298;10
1299;1
5655;1
12674;2
5654;2
12673;2
4325;1
6988;1
12679;1
5659;1
12678;1
12676;1
22008;1
4340;1
4342;1
12680;3
3007;4
401;2
400;2
403;19
402;12
3004;1
4335;5
5666;1
6997;1
407;10
6999;5
4339;1
408;1
5680;1
5682;3
5681;1
4353;1
5684;3
4352;3
19287;1
5683;2
8710;1
19288;1
4355;2
19289;1
4354;86
5685;2
410;1
3019;2
4346;1
5677;2
415;1
20272;1
4348;3
5679;1
12657;1
5691;4
5690;2
19293;2
19292;1
421;9
425;25
424;11
8714;2
5687;1
12663;1
429;1
5689;2
12667;1
8717;1
12666;1
21586;1
8733;2
21585;1
8732;1
8731;1
19267;2
21583;1
8730;1
432;3
436;1
435;6
438;11
8726;1
5698;1
21581;1
8724;2
439;12
8729;18
12634;1
12633;1
8740;2
8744;3
8743;2
20265;1
8742;1
8741;2
12648;1
12647;1
3049;7
446;68
449;15
8737;1
20261;1
21592;1
8735;1
21590;1
8734;1
8739;2
12644;1
8738;4
4393;3
21566;1
19246;1
4392;4
21567;1
21563;2
20239;1
4391;1
21568;1
12617;1
451;41
12616;1
454;4
453;18
458;16
12619;1
459;12
8747;5
8746;2
8745;4
21577;2
8762;1
21575;1
21573;1
8764;1
3078;1
19252;2
21579;1
12628;1
12625;1
467;1
469;9
468;1
12620;1
8758;3
21570;1
12624;2
6110;1
6111;2
13000;3
470;2
478;1
6106;13
6107;1
13003;1
6108;1
6109;1
3093;2
3091;2
6125;1
3098;3
481;104
480;2
483;3
3094;1
482;10
484;3
486;4
488;1
6117;1
6130;1
6134;2
494;6
495;4
497;4
499;3
6145;18
6147;1
6140;1
12593;1
12597;2
6162;11
6175;2
9200;1
12571;1
9204;1
6171;2
12575;1
12573;1
12578;1
12577;2
9211;1
9210;1
12583;1
12581;1
9215;1
6181;3
3903;3
12587;1
12586;1
9207;1
9222;1
9221;2
9228;1
6191;1
6194;1
3914;2
9219;1
9218;1
3911;1
9232;5
13091;1
3925;9
3924;1
3927;1
3926;2
9229;1
3922;6
9246;7
13063;1
13062;1
9245;1
9243;2
13067;1
9249;1
13066;1
9248;2
13065;1
13064;1
9247;2
9242;2
3935;1
2603;3
3938;2
3939;1
2608;4
3930;1
13069;1
2609;6
13068;1
3931;1
3934;1
3933;6
9256;2
13072;1
9255;1
13071;1
13078;1
13070;1
9253;3
9250;3
3948;3
2619;13
3941;1
3940;1
2617;10
3942;18
9265;4
9269;1
9264;2
9263;2
3958;2
2625;2
2622;13
2621;6
3952;2
3956;3
2626;1
13054;1
2635;1
1305;3
2636;1
1303;4
1300;1
2631;8
13058;1
1308;1
2639;2
1309;3
1307;3
2638;7
9289;1
9288;1
13022;2
13021;1
3980;3
9282;2
2650;3
9286;1
9283;1
1315;4
2646;1
1316;1
1313;4
2644;1
1314;7
1311;33
2643;1
2641;1
1317;1
2648;2
13029;2
1318;8
13028;2
13030;2
9299;7
9298;1
13033;2
13032;2
13031;2
9293;1
9297;5
9294;1
2657;2
1324;3
2655;1
1322;4
1321;4
2652;1
3985;2
1328;1
2659;2
19345;1
1341;26
2672;3
2670;2
21667;1
21668;1
1337;2
2668;1
1338;5
2669;1
12715;1
1335;45
2666;1
12714;1
2667;1
12713;1
2664;1
1334;23
2665;1
12719;2
2662;1
12718;1
1332;4
12717;1
3994;2
3995;2
3998;1
12712;2
3997;1
12711;1
3999;4
19358;1
21672;4
21673;1
21670;1
1351;15
2680;1
1350;4
19351;2
1348;11
2679;1
12727;1
1349;8
5706;2
12726;1
5709;1
12725;1
5708;2
12724;2
2676;1
1342;25
12729;2
12728;1
5700;1
12723;2
5702;3
12722;3
12721;2
12720;2
5704;5
21643;3
21641;2
21642;1
2691;5
21649;1
1361;1
2692;1
21647;4
20317;1
21648;1
21645;1
5718;1
5717;1
1357;7
1353;2
1354;1
5713;6
21654;1
21655;1
19335;1
21653;2
21650;1
21651;1
19332;2
19333;3
1373;4
1374;2
1371;7
1372;1
21656;1
5729;3
12705;1
5728;1
1368;1
12703;1
12702;1
1366;1
2697;16
12709;1
1365;2
5721;1
5720;6
5723;1
5724;1
5727;1
5726;1
21622;1
1385;5
21627;1
1383;8
21628;1
1380;6
21625;1
21626;1
21623;2
21624;1
4409;1
5739;5
1377;1
4401;1
4400;6
5734;2
5733;2
4405;1
5736;2
4404;2
5735;3
21633;1
21630;1
20300;1
5750;4
19311;1
1393;377
20307;1
1394;1
21639;1
1391;10
1392;153
21637;1
1386;7
1387;1
5743;1
5744;1
4418;2
4417;1
5760;3
21607;1
21605;1
21606;1
21603;1
21604;1
21602;1
1398;4
4423;2
4425;2
4424;3
5758;2
4426;1
5759;2
4441;2
5771;1
21618;1
21617;1
21614;1
21612;1
3108;8
3106;2
3107;2
500;2
502;2
3102;7
503;1
5767;1
508;45
5769;1
5768;1
8810;3
12792;2
12791;2
11460;1
5785;1
11461;1
3120;8
3117;14
8809;2
3118;6
511;7
3115;3
510;1
513;20
515;125
8803;1
11462;1
5775;6
11463;1
11464;1
4446;2
5777;2
8806;6
8804;4
5790;1
4461;4
5792;1
5794;3
4465;6
5796;1
14509;1
8819;2
521;7
523;3
526;2
8813;6
4458;5
4457;8
11478;2
11479;1
8832;1
4473;1
8831;1
4475;1
11448;1
11449;1
3139;1
3138;5
535;1
3135;4
3136;5
537;18
536;7
4466;1
539;103
8823;1
538;18
8829;5
8827;1
8826;1
11447;3
22107;1
4487;8
8840;50
4486;1
3155;1
22100;1
22102;1
22101;1
22106;2
3150;1
22105;1
11459;1
542;1
541;26
544;19
543;3
545;1
548;1
8836;1
12785;1
547;19
8835;12
11453;2
4479;1
8839;1
11457;2
11458;1
4492;2
4497;1
553;37
552;10
12757;1
555;57
554;28
557;2
556;5
3158;5
559;34
558;14
4488;2
12755;1
8849;6
8848;2
8861;1
8860;2
19396;1
8864;3
6202;1
20383;2
19398;1
6203;1
3178;1
3174;5
560;4
562;4
11437;1
3168;6
3169;5
20381;2
20382;3
12762;1
12761;1
8855;1
20380;2
8859;3
8872;1
20357;1
21685;2
6211;1
21684;1
3189;15
12738;1
12737;1
12736;1
11406;3
12735;2
579;6
3179;2
12739;2
6204;1
12730;3
8868;1
8866;4
6208;6
12734;3
12733;1
12732;1
12731;2
21698;2
3192;2
20368;3
8882;1
6220;1
21696;1
6222;1
8887;1
8884;1
20362;2
21693;1
6225;4
3199;1
19372;1
3193;1
583;4
11416;5
586;4
12747;1
585;3
12746;1
587;7
6215;3
12741;4
12740;1
21691;2
6216;1
6217;1
11413;2
12743;1
8894;1
8893;3
6231;2
6233;1
6234;2
6235;1
8895;3
8890;1
593;2
599;5
6229;1
6240;1
6241;1
22089;1
22083;1
22085;1
22087;3
6238;1
6239;1
6251;3
6254;1
22052;2
22053;2
6249;1
13101;1
9304;3
9303;1
22037;1
22032;1
9312;1
9315;2
22040;1
9308;2
9306;1
9323;5
9322;3
9326;4
12692;1
9325;2
9324;1
12690;1
22011;4
22016;1
22015;1
22018;1
22010;3
12697;1
12696;1
9317;1
12694;2
12698;1
8003;1
8005;1
22022;3
22025;1
9330;4
22026;2
22028;3
22020;3
9328;2
8014;1
9345;1
9344;2
8012;2
9342;1
9348;5
9341;1
2709;4
2707;1
2708;13
8008;1
2705;7
2706;2
9356;1
9359;2
9352;1
2710;6
2719;9
2716;51
2717;6
2714;15
2715;1
9367;1
9365;1
9364;1
8037;5
9362;1
9361;1
2723;14
2724;1
2721;10
2722;5
2720;15
2727;7
2725;43
8047;2
9377;1
9375;1
9373;2
9372;1
9371;1
2734;7
2735;6
2732;3
1402;66
2730;1
2731;39
1409;3
2738;1
2736;1
1406;3
9388;1
9384;9
8053;2
9383;1
9382;1
8051;1
1414;21
2745;1
1411;20
2748;21
8069;4
8068;3
8067;2
8066;2
9397;2
8061;2
9392;1
8060;3
8065;1
9396;1
8064;2
9395;2
8063;3
8062;3
9393;2
1425;2
1426;2
2757;1
1423;2
1424;3
1427;24
2759;4
8079;2
8078;1
8077;2
2770;8
8072;4
8070;2
8073;1
1436;5
22092;1
1437;15
2768;43
22091;1
22094;2
22093;1
1432;2
2763;5
22096;1
1433;17
22095;1
1430;1
22098;1
1431;1
2762;11
22097;1
2769;1
22090;3
8089;1
8088;1
1450;3
1451;1
8082;1
2778;33
5806;2
2779;1
1444;46
5809;1
5802;2
5804;1
5803;1
19469;1
8099;2
20450;4
1461;2
1462;7
2793;9
8092;1
2790;1
19460;1
1460;3
8091;3
2789;6
5817;1
1459;22
12836;1
12835;3
5819;2
1457;1
2788;25
12834;1
5818;1
2786;1
5811;1
5813;1
5812;1
5815;1
11502;1
5814;2
21795;1
20462;1
20463;2
1472;1
1473;36
1470;2
1471;13
1469;5
11514;1
5828;2
5827;1
1467;17
11516;1
12846;4
5829;10
12845;1
5820;1
5822;2
5824;2
5823;1
12842;1
5826;1
12841;1
5825;1
19444;1
21765;1
20431;2
21763;1
19443;1
1481;2
12809;1
21769;1
4507;3
12814;1
1478;6
12813;1
1479;4
12812;1
12819;1
1477;1
1474;3
12817;1
4502;3
5832;1
12810;1
4505;2
5836;4
21773;1
20442;1
19458;1
21774;1
21771;1
1494;32
1495;19
1490;5
20448;1
20449;1
21777;1
21778;1
1487;2
1488;7
12828;1
12827;1
4513;4
19422;1
21742;1
19423;1
19424;1
3200;2
21749;1
20416;1
21747;1
21744;1
20414;1
1498;1
1499;1
1496;2
1497;12
21751;1
5870;1
4542;1
5873;1
5872;1
3211;2
21759;1
20429;1
20427;1
21755;1
12808;1
12807;1
601;2
12806;1
603;3
602;2
4532;1
604;1
607;72
5868;3
19438;1
5867;1
608;56
4538;2
19401;1
5880;1
19402;1
5883;1
3221;6
21726;1
21725;1
21723;1
8909;2
3216;1
3213;3
19408;1
613;92
8900;1
615;10
5876;4
21731;1
21730;1
8920;1
5892;2
19410;2
21739;1
3231;1
21734;1
3229;3
8919;1
3228;1
621;10
623;2
625;14
19419;1
5888;1
5887;2
629;3
628;8
8931;2
3240;55
14619;1
14618;1
631;9
634;58
3234;2
8924;3
635;3
638;21
637;8
4585;2
3254;3
22246;1
641;30
645;31
3245;2
644;11
647;5
14622;1
14621;1
14620;1
11598;1
8937;1
14623;1
4593;1
8952;1
4597;8
11560;1
8950;1
3262;1
656;1
4588;4
657;5
8945;1
12894;2
12893;1
8949;1
12898;1
8963;4
11570;1
8962;1
11571;1
3275;1
661;13
663;11
662;4
664;16
669;1
14600;1
11572;1
8957;1
668;4
8956;2
11573;1
8955;2
11576;1
8959;2
8958;1
11579;5
8971;1
8975;2
8973;2
8972;1
670;14
3282;1
672;5
11547;1
671;18
12878;1
676;1
675;4
678;1
677;3
679;6
11540;2
12871;1
11541;1
12870;1
12877;2
12876;1
12874;2
8969;5
8982;1
3291;4
8981;1
6322;1
8983;1
3296;1
3297;3
3294;1
681;15
680;8
11558;1
682;1
11559;1
12889;1
689;4
3289;2
12884;1
8978;5
12883;2
12881;2
8976;3
6319;2
11556;2
12886;1
11557;1
12885;1
8993;1
5002;3
20474;2
5001;2
8995;2
19486;1
5004;1
8994;1
5003;1
11526;1
696;2
8989;1
6326;1
6328;1
8987;1
11523;1
5011;1
5010;1
6344;1
11537;1
11538;8
11539;4
12867;1
12862;2
6337;8
5005;2
6338;2
8999;2
11530;1
8998;3
6339;4
12866;1
12865;1
11534;1
14570;1
5020;3
6351;1
6354;2
5024;18
14573;4
14572;1
14571;1
5025;1
6347;2
6348;4
14577;1
6349;1
14576;1
14579;1
5031;2
14581;1
14584;2
14583;1
14582;1
5036;1
6360;2
6358;1
5027;3
14587;1
5029;5
14586;3
14552;2
6377;1
14551;1
6378;1
9402;2
14550;1
6379;1
9401;2
5040;2
14556;2
5038;5
14554;1
14553;1
14559;1
14558;1
6383;4
9411;2
5052;8
6384;1
14563;1
5057;4
14562;1
5056;3
9413;6
5058;2
6380;1
6381;2
5050;4
9408;2
14567;1
14565;1
9405;6
14564;1
14568;1
9422;2
5064;1
9421;3
5066;4
9420;1
5065;20
6398;1
14530;1
6399;1
9423;1
5069;5
5060;2
5062;2
9416;2
14536;2
8102;1
5075;1
9432;1
9431;8
8100;2
9430;1
14541;1
14540;1
9435;3
8104;1
5071;1
5070;1
5072;2
14545;1
14544;1
14543;1
9427;1
14542;1
14549;1
14548;1
14547;1
14546;1
8113;1
5086;2
8112;1
5085;2
5087;1
8116;1
5089;1
8114;2
5081;1
5084;1
5083;1
14519;4
2808;1
11484;2
11487;2
2805;6
2802;3
9455;2
9454;4
5096;3
5099;2
5098;4
9459;7
9458;1
9457;1
9456;1
9450;1
5095;1
5094;2
2811;2
2812;55
2817;1
14520;2
14526;1
2814;16
9466;1
9463;1
8139;1
9469;1
9467;1
21704;2
9462;1
21702;1
21700;3
21701;1
2828;2
8129;1
2826;4
2827;2
8146;2
21710;1
9476;1
8149;3
9479;2
8148;3
9478;1
21717;1
21718;1
21715;1
21716;1
21713;1
21711;1
21712;1
1502;3
1503;2
1500;1
2831;2
21709;1
1509;8
1507;19
2838;9
2835;4
9488;2
18994;1
18993;1
18996;2
8158;1
9489;1
9480;5
9484;2
9483;1
9482;1
9481;3
1513;1
1514;1
1511;8
2843;2
2840;5
1510;2
2841;2
1519;13
1518;2
1515;1
8168;6
9499;2
8167;1
9498;2
8160;3
9495;2
8162;1
8161;2
9492;1
2855;3
1525;9
1522;3
1520;7
2851;1
1521;13
1528;5
2859;2
1526;1
8179;1
1536;4
2862;1
2861;2
18975;1
1537;1
1538;1
2880;2
1550;1
2881;3
1546;4
2877;5
1547;6
5904;1
1544;3
1545;2
2876;5
1541;5
2879;5
14592;1
14591;1
14595;1
14594;1
14593;1
1560;7
8193;1
2892;3
2890;1
8196;2
8195;3
1557;1
2888;2
5916;2
2889;40
1555;4
5917;1
1554;3
1551;1
1552;6
14599;1
5912;4
1559;1
5913;4
1572;2
5927;2
1569;1
5929;4
1567;1
1564;1
2895;1
1562;3
2893;1
1563;1
2894;1
5921;1
18965;1
5924;1
19586;1
1581;5
5938;1
1579;82
11624;1
12956;1
1578;17
1576;7
1573;3
12950;5
12954;1
5935;1
12951;1
19598;1
19596;1
1593;1
1594;1
1592;1
5948;1
11636;1
1589;9
12966;1
1587;1
1585;4
12961;1
5942;1
12965;1
11632;2
11633;1
12962;1
20554;1
19562;2
5961;2
5960;2
19560;1
12934;1
12933;1
1598;3
1595;2
4622;3
5955;2
4626;3
21896;1
21897;2
19578;1
5972;1
19574;1
4640;2
21898;1
21899;1
12947;7
12946;2
12944;4
3305;3
11616;4
3303;9
12949;5
12948;4
5962;1
4633;1
706;1
12943;3
5969;1
12941;1
5968;2
3309;2
12940;1
21863;4
19545;1
21862;1
5983;3
19541;1
5982;1
19542;2
3321;1
20538;1
12909;2
20539;1
12908;1
12912;3
12918;2
12917;1
711;4
710;7
5974;2
4643;1
5976;1
714;7
5975;2
717;24
12910;2
716;3
4646;1
719;1
3319;3
718;6
5979;6
5990;2
4660;1
5994;2
19552;1
5993;1
4662;1
19553;1
2000;3
3331;1
2001;4
12919;2
3328;1
720;8
3325;1
722;8
721;2
724;3
723;14
5984;3
726;10
725;22
12920;1
19522;3
20511;1
19524;2
4671;2
19520;5
2011;12
20518;2
21849;1
2012;1
21845;1
21846;1
21843;1
20512;1
21844;1
20513;1
2008;1
2009;6
2006;1
2004;1
2005;2
20509;1
3333;1
2003;1
5996;1
4665;1
4664;5
4667;1
5997;1
4666;1
4669;2
19526;1
19528;1
21852;1
21850;1
19534;1
21851;1
19530;1
2022;35
3354;6
21859;1
3350;12
2019;1
12903;3
2017;3
3348;1
12901;1
2018;4
2015;2
12907;3
2016;2
3347;1
2013;1
743;20
2014;1
3345;6
19536;1
4690;3
10371;1
4695;25
2034;2
2031;37
2032;1
2030;2
751;1
3359;1
14738;1
750;17
2029;1
14737;1
2027;13
755;9
22350;2
756;25
10374;2
759;5
10375;3
4689;1
758;7
4688;2
10376;1
14736;2
14735;1
14734;1
10379;1
14733;1
10380;1
10383;4
6401;1
2044;14
3376;2
2042;3
3374;2
2041;1
22369;1
14749;1
766;257
768;3
4698;3
21030;1
767;1
10386;1
769;23
14747;1
10389;1
14746;1
21005;3
21006;1
10350;2
21000;1
3386;1
3385;1
21009;1
3383;1
21007;2
21008;3
10359;2
772;31
775;15
3377;5
776;1
3378;1
14710;1
10351;1
10352;1
10353;1
6404;2
6405;2
6407;1
14713;1
10357;1
14712;4
10358;5
14711;1
6420;1
21011;1
2066;4
3397;1
2067;1
22344;1
2065;11
3396;1
22343;1
2062;10
22346;2
2063;3
3394;1
780;1
22348;2
2061;30
782;9
781;12
786;45
785;1
11693;1
10365;1
10367;4
14724;1
10368;3
6431;1
5101;1
5100;2
6433;1
5103;3
5102;1
2077;21
2074;3
2071;1
790;1
2072;1
792;27
796;3
3399;4
2069;3
6424;1
6425;1
12998;1
12995;1
6443;1
5114;6
11670;1
2088;1
2086;1
2084;1
14707;1
14706;1
10349;1
14705;1
14704;1
2079;6
14709;1
5105;2
5104;3
10344;2
14703;2
5108;1
14702;1
10345;5
14701;1
14700;1
6451;1
6452;1
6454;2
6455;1
5124;1
2097;1
2096;1
2094;1
6446;2
5116;1
12972;2
6447;2
12971;2
6448;3
5117;13
11641;7
5119;1
12973;2
5130;82
5132;60
6462;1
5131;10
5136;5
6467;1
5135;2
12983;5
6457;1
5126;26
11652;13
6471;1
5141;1
6472;1
6473;1
5143;3
5142;6
5145;10
6475;1
14695;1
12031;2
6477;1
9501;2
14693;1
6478;1
14699;1
5138;1
14698;1
9510;1
6483;1
12040;1
12042;1
5155;1
12043;2
9511;1
12045;1
5149;4
9507;1
9506;2
12046;1
12047;1
12048;1
12049;1
9509;2
9508;1
5163;1
9520;2
6495;4
5165;6
6496;1
5166;2
5169;2
14671;2
5168;16
14675;1
9519;4
9532;2
5173;6
9530;1
5175;4
14683;1
8203;4
8202;1
5179;1
5170;1
9529;1
12028;2
14689;1
5185;3
9542;2
8211;3
5184;1
5187;6
5186;5
2909;1
8214;1
5180;2
5183;1
5182;6
2908;11
2905;3
2906;1
2903;7
2904;2
2901;2
2902;1
14656;1
5196;1
5198;1
9551;2
14662;1
5199;1
9557;1
9556;5
8224;1
12000;1
5190;2
5192;1
5193;3
14666;1
14665;1
12003;1
8217;2
9548;1
12005;1
14669;5
12006;1
8234;2
8233;2
8232;3
8237;1
8235;6
22253;1
22258;1
22259;1
2921;5
14638;2
22250;1
2927;12
2928;2
2925;2
2923;1
9576;1
8244;3
9574;1
8242;2
9573;1
14640;1
8247;1
9578;1
8246;1
8240;2
1602;5
22263;1
14643;1
2936;7
2937;2
1604;1
2935;6
8256;1
21820;1
8254;2
8253;1
9589;2
8258;6
21827;1
21828;1
21825;1
9583;1
21823;1
8251;2
21821;1
8250;1
9580;1
1610;1
2941;9
1611;53
21819;1
19507;2
2947;2
1614;13
1615;3
21830;1
9598;1
8266;3
20500;1
21831;6
8265;3
9596;1
9590;1
20505;1
20506;1
8263;1
20503;1
9594;2
8262;1
21835;1
9593;1
20501;1
9592;1
21833;1
20502;1
9591;1
2952;4
2950;1
2951;3
19518;2
19519;5
1627;3
19514;1
19516;1
12093;1
8276;5
12094;1
12095;2
12096;1
8274;5
12090;1
8272;1
8271;1
1634;1
1635;3
2960;7
1638;2
1639;1
1637;1
2968;1
8287;1
8281;1
21817;1
21814;1
21815;1
21812;1
8285;2
21811;1
1645;3
2976;1
1646;4
2977;2
1643;15
2972;1
2970;1
1640;5
2971;2
1649;3
1647;4
1648;2
8299;18
2991;2
8291;1
8295;1
1654;6
1652;2
2983;8
1653;2
2984;7
1650;5
1651;5
12082;3
12085;1
12087;1
1670;1
1667;3
1668;1
1665;3
1666;2
2997;7
1663;2
2994;1
1664;3
2992;3
12089;1
1669;1
1680;5
4706;2
1672;1
1673;1
12057;1
4700;1
4702;5
4701;1
4703;2
12060;1
12062;2
12063;1
12065;2
1692;1
1693;1
1690;1
1691;1
1687;2
1688;1
4718;1
1686;4
12067;1
12069;1
4714;9
4728;7
11746;1
10415;1
10416;4
11747;1
11748;1
1696;3
11749;1
1697;6
10419;1
1694;9
1695;1
10413;1
4740;1
10425;1
4739;53
10426;1
11757;2
3406;2
4738;8
10427;1
3404;4
3401;5
3402;4
3400;10
4730;4
803;22
802;1
10421;1
10422;1
807;20
4737;3
10423;1
3407;1
10424;1
809;5
808;5
19688;1
4751;74
19684;1
3420;6
11724;1
11726;1
810;3
812;8
811;3
4744;1
4743;5
816;31
4746;2
11722;2
819;14
19694;1
3430;4
2100;6
19690;2
10403;1
3427;3
10404;7
11737;2
3423;2
3424;9
821;14
10409;2
820;3
3422;4
4753;1
822;18
4752;7
824;2
11730;2
826;16
4759;2
10402;5
11733;1
19664;1
19665;1
19666;1
20651;1
19667;1
20652;1
4771;2
4770;1
19663;1
2110;2
2111;2
2107;1
11701;9
2103;1
11705;1
11707;1
2102;54
833;13
835;11
838;1
837;4
4769;1
4780;1
20662;1
19671;1
19672;1
4784;1
4783;2
11709;1
3450;4
3451;128
20668;5
2118;3
3449;4
2119;2
11713;1
3447;1
11714;1
3448;3
3445;1
843;1
2112;4
3443;1
842;3
2113;180
4775;1
4774;1
4777;1
4776;2
4779;3
4778;3
11711;1
21962;1
21963;1
4791;1
3464;30
21968;1
3460;83
21964;1
3456;4
3457;2
3454;6
4786;4
21974;2
21970;1
6500;2
3472;7
21977;3
2140;29
21975;8
21976;1
3469;1
2139;131
3467;1
867;26
866;2
869;5
868;30
4798;1
19658;3
19659;2
10493;1
6511;1
2154;6
3485;6
22474;1
22473;1
2152;5
2150;2
3481;53
2151;1
870;4
6509;3
2149;2
3478;11
873;2
2148;3
2145;1
22472;1
22471;1
6501;1
6502;5
10495;1
10496;3
10497;1
10498;1
6505;1
6507;1
6508;1
6521;1
6522;1
3494;3
3492;1
2162;1
3493;2
3491;4
880;1
2158;1
889;4
888;1
6513;15
6514;6
6515;1
6517;3
6518;1
6519;1
22459;1
21124;1
5200;1
21123;1
6532;1
21120;1
5201;1
6533;6
21121;1
2176;1
22452;1
2177;1
22451;1
22453;1
21128;1
22457;1
21129;1
894;13
3498;3
22450;1
3499;8
6523;1
899;1
6525;4
6526;1
6527;1
14835;1
10476;1
6528;1
14834;1
6529;2
10479;1
6540;2
6541;2
6542;1
6543;2
5213;2
6544;2
5212;1
2188;2
2186;1
2183;1
2184;1
22466;1
22469;1
2182;2
6534;5
21130;2
6535;1
6536;17
5206;2
5205;2
6538;1
5208;2
10488;2
6539;1
5209;1
22438;1
22439;1
6552;1
5222;2
11780;1
5223;1
2197;1
2195;1
2192;1
2193;3
10458;4
14817;3
10459;2
14816;1
14814;2
14818;1
6545;2
6546;2
5214;1
6547;3
11784;3
5216;6
6548;1
11785;1
6549;1
14813;1
10455;2
11786;1
14812;1
14811;7
10456;2
14810;1
11790;2
11791;1
22441;1
22444;1
21118;1
10469;1
5226;1
6556;2
6557;6
11793;1
5225;2
10463;2
5228;1
6559;10
6570;1
6571;1
6572;8
5242;1
6574;1
5243;1
6575;1
6576;1
6577;1
11768;5
11769;4
6567;3
11760;2
6568;1
11761;1
6569;1
11762;5
11763;18
11764;5
10435;6
5251;1
6581;2
6583;3
5252;2
6584;1
6585;2
5254;7
5256;34
22425;1
6580;4
14806;1
14809;1
14808;1
11770;1
6578;1
9605;1
6579;1
11772;15
9604;1
5249;2
11773;15
11774;3
9609;1
11775;3
14801;4
11776;2
14800;1
11777;4
5262;27
5261;4
5264;1
5263;10
12151;6
12152;1
5265;8
12153;1
6599;1
12154;1
5267;1
9621;1
5260;16
6591;1
9617;5
5259;12
12156;1
12157;1
9614;1
9618;1
5273;4
5272;6
5275;1
8303;1
8302;1
9633;1
8301;29
5271;2
5270;4
9628;1
5269;2
9629;1
14790;1
5283;1
8314;2
12131;1
8313;6
12132;1
5282;1
5281;3
12133;1
14798;2
21086;2
12134;1
14796;2
12137;1
21081;1
12138;1
12139;2
8309;1
21080;1
8322;8
8321;4
9652;1
5294;1
8320;2
9657;3
8326;1
12140;1
5299;1
5298;3
9656;1
12142;1
12143;1
5290;6
5292;2
12144;1
12145;1
9649;1
9648;1
8316;1
12147;3
9647;1
12148;2
21091;1
9664;1
8332;1
9663;2
7000;1
8331;4
9662;14
7002;3
7003;1
8337;1
8336;1
8335;1
7006;1
8334;1
12110;1
12111;1
14776;1
12112;1
14775;1
8328;1
12113;1
12114;1
12115;1
12117;1
12118;1
7011;1
21078;5
8348;1
8346;1
21076;9
7017;1
12121;1
8340;1
12122;1
21074;6
12123;1
21072;5
8339;1
21073;3
8338;1
9669;1
21071;8
14789;3
12128;1
12129;1
8355;1
9686;3
21049;1
8354;1
9685;1
8353;2
9683;2
8359;1
10391;2
8358;3
7026;2
9689;1
10393;1
10394;1
9687;1
22370;1
14754;1
10396;1
1717;2
10397;2
14752;1
14751;1
1715;32
7032;2
9697;1
9696;3
8364;1
9695;2
8363;1
9694;1
8368;1
9699;1
9698;1
9693;1
8361;1
9692;1
9691;3
7031;2
12108;2
12109;2
1720;1
21050;1
1726;2
12105;1
1724;4
1725;2
8377;3
7044;1
21941;1
8379;3
7049;1
21948;1
21947;1
7040;2
21945;1
1733;6
1731;5
1739;48
19625;1
19627;1
21952;1
8385;4
7057;4
21950;1
21959;1
21957;1
21958;1
8384;2
7050;2
21955;2
8383;2
7051;4
21956;1
7052;4
21953;1
8381;7
1740;29
1748;1
1746;4
1747;22
19638;2
8399;2
7066;1
19600;1
8397;5
7068;1
7060;1
7062;2
8393;5
7063;2
21920;2
21921;2
1756;1
1754;1
21919;3
1752;1
1750;1
1757;1
7076;1
7077;1
21930;1
7078;1
7079;1
21938;5
7070;3
7071;1
21933;1
7074;1
1767;4
1764;15
21928;1
7087;1
12192;4
1781;1
7080;1
21902;1
7083;1
21900;6
7084;2
21901;5
7085;2
4805;1
1775;1
1776;2
1791;1
7090;1
1790;1
1788;1
4816;2
4815;10
4818;1
1787;1
4817;1
4811;4
4813;1
12176;1
1797;5
1796;1
1793;1
1794;1
12179;1
4823;1
12180;1
3504;1
3500;6
3501;14
900;65
902;29
4832;1
901;2
4831;3
904;1
3508;4
4834;4
903;5
4833;1
906;1
905;5
908;5
907;4
909;2
3515;13
4849;2
4848;1
3513;76
10537;8
3514;3
10538;1
11869;1
3512;8
911;1
4840;2
913;1
4843;5
11860;2
912;5
10530;12
915;22
10531;1
914;8
4844;16
11863;1
917;6
916;1
3518;6
10534;1
919;12
22525;1
22528;1
22527;1
4861;1
22524;1
11877;1
3527;2
10548;4
10549;5
924;2
923;4
4853;2
11872;1
926;64
4856;12
4855;7
11874;1
4858;5
10544;2
11875;2
927;15
3529;20
11876;1
3540;1
3541;10
3537;34
11845;1
10514;1
2204;3
3535;44
11846;1
10515;3
3536;11
11847;3
2202;1
10517;6
2200;2
10519;2
933;1
4862;1
4865;1
4867;13
4866;4
2208;8
938;9
10512;2
4880;2
4883;1
4882;3
3551;1
3550;2
10524;3
11855;1
3549;8
2218;23
10525;2
10526;2
11858;2
3544;5
10528;3
11859;1
10529;2
942;10
2211;2
3542;1
3543;24
948;5
949;3
19788;2
4891;2
4894;6
11819;5
2232;1
3563;2
3560;7
2230;2
3561;13
3559;6
11822;1
2226;1
951;13
2224;1
11826;1
950;2
3556;3
11827;1
953;3
11828;1
952;9
3554;30
954;6
4884;1
4889;1
4888;2
19798;1
3573;13
2243;49
3574;6
2240;3
2241;9
3570;3
11834;1
960;3
2237;1
11835;2
3569;4
11836;1
962;4
961;1
2236;1
11838;1
3564;11
10508;1
3565;2
10509;3
4896;1
968;6
967;2
4897;1
969;2
4899;1
11830;1
10501;2
3585;78
2254;17
20758;2
2252;6
20759;2
20756;2
3581;1
20757;1
2250;1
6608;3
11801;2
3579;1
970;1
2249;2
2246;4
2247;24
3575;8
3576;1
2245;1
11807;1
6600;1
6601;1
19774;1
19775;1
6620;4
6621;4
2264;1
3595;5
11808;1
2265;14
2262;17
3593;8
2263;2
2260;5
3591;21
2261;1
3590;9
2259;2
2257;6
2258;1
11816;2
986;2
11817;2
2256;3
6612;1
6614;2
6616;1
6618;1
5301;2
6631;1
5300;1
6632;1
2273;3
2271;1
2272;3
993;1
995;1
2268;1
3599;2
994;1
2269;1
997;5
2266;3
996;1
2267;1
3598;2
999;2
998;4
12310;1
12312;1
6628;1
6629;3
5310;6
7971;2
6641;2
7972;7
5312;4
5311;3
2286;183
2280;13
12328;2
2278;1
5303;14
6633;2
6634;6
5302;2
12321;2
7966;1
5304;10
5307;3
7968;1
5306;18
7969;1
12326;1
5309;1
5308;1
7981;1
7982;1
5320;8
7983;3
7984;1
6654;1
7985;1
2297;4
2298;1
6644;3
7975;1
5314;3
5313;1
7976;1
5316;17
7977;1
5315;1
7978;1
7979;1
5317;3
7990;1
21256;1
7991;2
4000;3
21255;1
7994;1
5334;1
7995;1
7996;1
12307;1
5325;3
7987;1
5327;10
7988;1
5326;1
5328;2
4010;3
5341;4
5340;3
21224;3
21221;1
4011;2
21222;1
10572;1
4007;6
7999;2
5339;10
4008;4
5350;1
6680;1
4021;6
5352;1
5351;1
5354;1
9712;2
4022;5
5353;1
6685;1
5356;1
9710;1
5355;1
6687;1
5347;1
6677;2
9705;1
5346;1
5349;1
6679;1
4017;1
5348;1
9709;1
4019;4
9707;1
5361;9
21203;1
6692;1
6693;3
5363;2
5362;7
21202;2
5365;1
5364;1
21200;1
5367;6
21209;1
22530;1
21207;5
6690;1
10557;6
10558;3
10559;3
5358;9
5357;1
6689;1
4029;2
9714;1
9713;2
11883;1
11884;1
21214;1
5372;7
4040;3
5371;11
21212;1
5374;5
21213;4
5373;5
21210;6
9734;1
8402;1
9733;1
5375;4
8401;2
21218;1
21219;2
5370;2
21217;1
10569;6
102;279
106;1
105;1
9727;3
107;2
5368;53
9726;1
10561;5
9725;4
9724;2
10564;2
10566;3
9728;6
10567;2
5383;7
9741;1
5382;7
4051;14
9740;1
5384;2
9745;1
12272;1
4058;33
8412;1
5389;4
5388;3
5381;7
4050;2
5380;7
111;36
110;1
113;10
112;4
115;395
114;3
117;33
116;2
119;7
8407;1
4049;1
8404;9
9735;4
8409;1
8408;1
9739;2
4063;1
8421;1
4062;1
5395;1
4067;1
8425;1
12283;1
9756;1
4066;2
8424;1
4069;1
8423;2
8422;2
12286;1
120;5
4061;5
5392;5
5391;50
122;23
121;122
123;13
9749;1
8418;1
129;182
9748;1
8417;3
4059;3
12289;1
8415;1
7100;1
8430;1
9761;1
9760;1
7102;1
7103;1
8434;1
7104;2
9764;1
4070;1
130;80
4071;1
132;355
135;14
137;371
139;12
8429;1
8428;2
9759;2
12256;4
8426;1
8443;2
8446;1
9776;1
8444;7
7116;1
140;5
4080;8
142;1
143;3
146;54
147;4
149;55
1807;2
8437;1
1803;2
1804;4
8454;2
9785;4
9783;1
8452;1
8458;1
8457;2
9788;1
8456;1
8455;1
156;4
159;23
7117;2
21182;4
7119;1
1817;4
8448;6
21183;1
21181;1
8464;1
8469;6
160;10
8461;2
166;106
1821;1
165;1
21196;2
1827;1
12247;2
1826;1
12248;1
8477;1
170;15
175;30
174;22
177;24
1832;2
176;92
1833;2
179;92
178;17
1838;2
1839;2
1836;5
1834;9
12216;2
1835;3
8487;1
8486;1
8489;5
180;271
182;14
181;51
184;1
8483;1
183;22
186;45
8481;1
185;1
188;12
1843;1
187;257
1841;1
191;1
20736;1
197;43
196;15
198;34
1853;11
1858;1
19748;1
19752;1
19756;1
1867;1
1880;2
20712;1
20710;1
4903;6
1874;64
1875;16
1872;2
4908;10
1870;2
20707;1
1871;1
4900;9
1879;5
4901;1
19726;2
1890;1
1888;1
1884;3
1882;1
19735;1
1889;1
1899;33
4925;2
1897;3
1895;4
1893;2
19707;1
19708;1
3603;1
3604;4
4939;1
3602;3
3600;4
3609;1
3607;1
3608;2
3605;6
3606;1
4934;1
12292;2
12295;1
3614;1
3615;2
3612;1
3613;1
3610;1
3611;1
4942;40
3618;1
4944;2
3619;1
4943;1
3616;1
3617;1
4959;4
3623;1
3622;1
4951;10
4953;5
4952;1
4957;3
